{
	"providers": [
		{
			"type": "bitmap",
			"file": "itemsymbol:blocks.png",
			"ascent": 8,
			"height": 8,
			"chars": [
				"󲜑󲜒󲜓󲜔󲜕󲜖󲜗󲜘󲜙󲜚󲜛󲜜󲜝󲜞󲜟󲜠󲜡󲜢󲜣󲜤󲜥󲜦󲜧󲜨󲜩󲜪󲜫󲜬󲜭󲜮󲜯󲜰",
				"󲜱󲜲󲜳󲜴󲜵󲜶󲜷󲜸󲜹󲜺󲜻󲜼󲜽󲜾󲜿󲝀󲝁󲝂󲝃󲝄󲝅󲝆󲝇󲝈󲝉󲝊󲝋󲝌󲝍󲝎󲝏󲝐",
				"󲝑󲝒󲝓󲝔󲝕󲝖󲝗󲝘󲝙󲝚󲝛󲝜󲝝󲝞󲝟󲝠󲝡󲝢󲝣󲝤󲝥󲝦󲝧󲝨󲝩󲝪󲝫󲝬󲝭󲝮󲝯󲝰",
				"󲝱󲝲󲝳󲝴󲝵󲝶󲝷󲝸󲝹󲝺󲝻󲝼󲝽󲝾󲝿󲞀󲞁󲞂󲞃󲞄󲞅󲞆󲞇󲞈󲞉󲞊󲞋󲞌󲞍󲞎󲞏󲞐",
				"󲞑󲞒󲞓󲞔󲞕󲞖󲞗󲞘󲞙󲞚󲞛󲞜󲞝󲞞󲞟󲞠󲞡󲞢󲞣󲞤󲞥󲞦󲞧󲞨󲞩󲞪󲞫󲞬󲞭󲞮󲞯󲞰",
				"󲞱󲞲󲞳󲞴󲞵󲞶󲞷󲞸󲞹󲞺󲞻󲞼󲞽󲞾󲞿󲟀󲟁󲟂󲟃󲟄󲟅󲟆󲟇󲟈󲟉󲟊󲟋󲟌󲟍󲟎󲟏󲟐",
				"󲟑󲟒󲟓󲟔󲟕󲟖󲟗󲟘󲟙󲟚󲟛󲟜󲟝󲟞󲟟󲟠󲟡󲟢󲟣󲟤󲟥󲟦󲟧󲟨󲟩󲟪󲟫󲟬󲟭󲟮󲟯󲟰",
				"󲟱󲟲󲟳󲟴󲟵󲟶󲟷󲟸󲟹󲟺󲟻󲟼󲟽󲟾󲟿󲠀󲠁󲠂󲠃󲠄󲠅󲠆󲠇󲠈󲠉󲠊󲠋󲠌󲠍󲠎󲠏󲠐",
				"󲠑󲠒󲠓󲠔󲠕󲠖󲠗󲠘󲠙󲠚󲠛󲠜󲠝󲠞󲠟󲠠󲠡󲠢󲠣󲠤󲠥󲠦󲠧󲠨󲠩󲠪󲠫󲠬󲠭󲠮󲠯󲠰",
				"󲠱󲠲󲠳󲠴󲠵󲠶󲠷󲠸󲠹󲠺󲠻󲠼󲠽󲠾󲠿󲡀󲡁󲡂󲡃󲡄󲡅󲡆󲡇󲡈󲡉󲡊󲡋󲡌󲡍󲡎󲡏󲡐",
				"󲡑󲡒󲡓󲡔󲡕󲡖󲡗󲡘󲡙󲡚󲡛󲡜󲡝󲡞󲡟󲡠󲡡󲡢󲡣󲡤󲡥󲡦󲡧󲡨󲡩󲡪󲡫󲡬󲡭󲡮󲡯󲡰",
				"󲡱󲡲󲡳󲡴󲡵󲡶󲡷󲡸󲡹󲡺󲡻󲡼󲡽󲡾󲡿󲢀󲢁󲢂󲢃󲢄󲢅󲢆󲢇󲢈󲢉󲢊󲢋󲢌󲢍󲢎󲢏󲢐",
				"󲢑󲢒󲢓󲢔󲢕󲢖󲢗󲢘󲢙󲢚󲢛󲢜󲢝󲢞󲢟󲢠󲢡󲢢󲢣󲢤󲢥󲢦󲢧󲢨󲢩󲢪󲢫󲢬󲢭󲢮󲢯󲢰",
				"󲢱󲢲󲢳󲢴󲢵󲢶󲢷󲢸󲢹󲢺󲢻󲢼󲢽󲢾󲢿󲣀󲣁󲣂󲣃󲣄󲣅󲣆󲣇󲣈󲣉󲣊󲣋󲣌󲣍󲣎󲣏󲣐",
				"󲣑󲣒󲣓󲣔󲣕󲣖󲣗󲣘󲣙󲣚󲣛󲣜󲣝󲣞󲣟󲣠󲣡󲣢󲣣󲣤󲣥󲣦󲣧󲣨󲣩󲣪󲣫󲣬󲣭󲣮󲣯󲣰",
				"󲣱󲣲󲣳󲣴󲣵󲣶󲣷󲣸󲣹󲣺󲣻󲣼󲣽󲣾󲣿󲤀󲤁󲤂󲤃󲤄󲤅󲤆󲤇󲤈󲤉󲤊󲤋󲤌󲤍󲤎󲤏󲤐",
				"󲤑󲤒󲤓󲤔󲤕󲤖󲤗󲤘󲤙󲤚󲤛󲤜󲤝󲤞󲤟󲤠󲤡󲤢󲤣󲤤󲤥󲤦󲤧󲤨󲤩󲤪󲤫󲤬󲤭󲤮󲤯󲤰",
				"󲤱󲤲󲤳󲤴󲤵󲤶󲤷󲤸󲤹󲤺󲤻󲤼󲤽󲤾󲤿󲥀󲥁󲥂󲥃󲥄󲥅󲥆󲥇󲥈󲥉󲥊󲥋󲥌󲥍󲥎󲥏󲥐",
				"󲥑󲥒󲥓󲥔󲥕󲥖󲥗󲥘󲥙󲥚󲥛󲥜󲥝󲥞󲥟󲥠󲥡󲥢󲥣󲥤󲥥󲥦󲥧󲥨󲥩󲥪󲥫󲥬󲥭󲥮󲥯󲥰",
				"󲥱󲥲󲥳󲥴󲥵󲥶󲥷󲥸󲥹󲥺󲥻󲥼󲥽󲥾󲥿󲦀󲦁󲦂󲦃󲦄󲦅󲦆󲦇󲦈󲦉󲦊󲦋󲦌󲦍󲦎󲦏󲦐",
				"󲦑󲦒󲦓󲦔󲦕󲦖󲦗󲦘󲦙󲦚󲦛󲦜󲦝󲦞󲦟󲦠󲦡󲦢󲦣󲦤󲦥󲦦󲦧󲦨󲦩󲦪󲦫󲦬󲦭󲦮󲦯󲦰",
				"󲦱󲦲󲦳󲦴󲦵󲦶󲦷󲦸󲦹󲦺󲦻󲦼󲦽󲦾󲦿󲧀󲧁󲧂󲧃󲧄󲧅󲧆󲧇󲧈󲧉󲧊󲧋󲧌󲧍󲧎󲧏󲧐",
				"󲧑󲧒󲧓󲧔󲧕󲧖󲧗󲧘󲧙󲧚󲧛󲧜󲧝󲧞󲧟󲧠󲧡󲧢󲧣󲧤󲧥󲧦󲧧󲧨󲧩󲧪󲧫󲧬󲧭󲧮󲧯󲧰",
				"󲧱󲧲󲧳󲧴󲧵󲧶󲧷󲧸󲧹󲧺󲧻󲧼󲧽󲧾󲧿󲨀󲨁󲨂󲨃󲨄󲨅󲨆󲨇󲨈󲨉󲨊󲨋󲨌󲨍󲨎󲨏󲨐",
				"󲨑󲨒󲨓󲨔󲨕󲨖󲨗󲨘󲨙󲨚󲨛󲨜󲨝󲨞󲨟󲨠󲨡󲨢󲨣󲨤󲨥󲨦󲨧󲨨󲨩󲨪󲨫󲨬󲨭󲨮󲨯󲨰",
				"󲨱󲨲󲨳󲨴󲨵󲨶󲨷󲨸󲨹󲨺󲨻󲨼󲨽󲨾󲨿󲩀󲩁󲩂󲩃󲩄󲩅󲩆󲩇󲩈󲩉󲩊󲩋󲩌󲩍󲩎󲩏󲩐",
				"󲩑󲩒󲩓󲩔󲩕󲩖󲩗󲩘󲩙󲩚󲩛󲩜󲩝󲩞󲩟󲩠󲩡󲩢󲩣󲩤󲩥󲩦󲩧󲩨󲩩󲩪󲩫󲩬󲩭󲩮󲩯󲩰",
				"󲩱󲩲󲩳󲩴󲩵󲩶󲩷󲩸󲩹󲩺󲩻󲩼󲩽󲩾󲩿󲪀󲪁󲪂󲪃󲪄󲪅󲪆󲪇󲪈󲪉󲪊󲪋󲪌󲪍󲪎󲪏󲪐",
				"󲪑󲪒󲪓󲪔󲪕󲪖󲪗󲪘󲪙󲪚󲪛󲪜󲪝󲪞󲪟󲪠󲪡󲪢󲪣󲪤󲪥󲪦󲪧󲪨󲪩󲪪󲪫󲪬󲪭󲪮󲪯󲪰",
				"󲪱󲪲󲪳󲪴󲪵󲪶󲪷󲪸󲪹󲪺󲪻󲪼󲪽󲪾󲪿󲫀󲫁󲫂󲫃󲫄󲫅󲫆󲫇󲫈󲫉󲫊󲫋󲫌󲫍󲫎󲫏󲫐",
				"󲫑󲫒󲫓󲫔󲫕󲫖󲫗󲫘󲫙󲫚󲫛󲫜󲫝󲫞󲫟󲫠󲫡󲫢󲫣󲫤󲫥󲫦󲫧󲫨󲫩󲫪󲫫󲫬󲫭󲫮󲫯󲫰",
				"󲫱󲫲󲫳󲫴󲫵󲫶󲫷󲫸󲫹󲫺󲫻󲫼󲫽󲫾󲫿󲬀󲬁󲬂󲬃󲬄󲬅󲬆󲬇󲬈󲬉󲬊󲬋󲬌󲬍󲬎󲬏󲬐",
				"󲬑󲬒󲬓󲬔󲬕󲬖󲬗󲬘󲬙󲬚󲬛󲬜󲬝󲬞\u0000\u0000\u0000\u0000\u0000\u0000\u0000\u0000\u0000\u0000\u0000\u0000\u0000\u0000\u0000\u0000\u0000\u0000"
			]
		},
		{
			"type": "bitmap",
			"file": "itemsymbol:blocks.png",
			"ascent": 16,
			"height": 24,
			"chars": [
				"󹱁󹱂󹱃󹱄󹱅󹱆󹱇󹱈󹱉󹱊󹱋󹱌󹱍󹱎󹱏󹱐󹱑󹱒󹱓󹱔󹱕󹱖󹱗󹱘󹱙󹱚󹱛󹱜󹱝󹱞󹱟󹱠",
				"󹱡󹱢󹱣󹱤󹱥󹱦󹱧󹱨󹱩󹱪󹱫󹱬󹱭󹱮󹱯󹱰󹱱󹱲󹱳󹱴󹱵󹱶󹱷󹱸󹱹󹱺󹱻󹱼󹱽󹱾󹱿󹲀",
				"󹲁󹲂󹲃󹲄󹲅󹲆󹲇󹲈󹲉󹲊󹲋󹲌󹲍󹲎󹲏󹲐󹲑󹲒󹲓󹲔󹲕󹲖󹲗󹲘󹲙󹲚󹲛󹲜󹲝󹲞󹲟󹲠",
				"󹲡󹲢󹲣󹲤󹲥󹲦󹲧󹲨󹲩󹲪󹲫󹲬󹲭󹲮󹲯󹲰󹲱󹲲󹲳󹲴󹲵󹲶󹲷󹲸󹲹󹲺󹲻󹲼󹲽󹲾󹲿󹳀",
				"󹳁󹳂󹳃󹳄󹳅󹳆󹳇󹳈󹳉󹳊󹳋󹳌󹳍󹳎󹳏󹳐󹳑󹳒󹳓󹳔󹳕󹳖󹳗󹳘󹳙󹳚󹳛󹳜󹳝󹳞󹳟󹳠",
				"󹳡󹳢󹳣󹳤󹳥󹳦󹳧󹳨󹳩󹳪󹳫󹳬󹳭󹳮󹳯󹳰󹳱󹳲󹳳󹳴󹳵󹳶󹳷󹳸󹳹󹳺󹳻󹳼󹳽󹳾󹳿󹴀",
				"󹴁󹴂󹴃󹴄󹴅󹴆󹴇󹴈󹴉󹴊󹴋󹴌󹴍󹴎󹴏󹴐󹴑󹴒󹴓󹴔󹴕󹴖󹴗󹴘󹴙󹴚󹴛󹴜󹴝󹴞󹴟󹴠",
				"󹴡󹴢󹴣󹴤󹴥󹴦󹴧󹴨󹴩󹴪󹴫󹴬󹴭󹴮󹴯󹴰󹴱󹴲󹴳󹴴󹴵󹴶󹴷󹴸󹴹󹴺󹴻󹴼󹴽󹴾󹴿󹵀",
				"󹵁󹵂󹵃󹵄󹵅󹵆󹵇󹵈󹵉󹵊󹵋󹵌󹵍󹵎󹵏󹵐󹵑󹵒󹵓󹵔󹵕󹵖󹵗󹵘󹵙󹵚󹵛󹵜󹵝󹵞󹵟󹵠",
				"󹵡󹵢󹵣󹵤󹵥󹵦󹵧󹵨󹵩󹵪󹵫󹵬󹵭󹵮󹵯󹵰󹵱󹵲󹵳󹵴󹵵󹵶󹵷󹵸󹵹󹵺󹵻󹵼󹵽󹵾󹵿󹶀",
				"󹶁󹶂󹶃󹶄󹶅󹶆󹶇󹶈󹶉󹶊󹶋󹶌󹶍󹶎󹶏󹶐󹶑󹶒󹶓󹶔󹶕󹶖󹶗󹶘󹶙󹶚󹶛󹶜󹶝󹶞󹶟󹶠",
				"󹶡󹶢󹶣󹶤󹶥󹶦󹶧󹶨󹶩󹶪󹶫󹶬󹶭󹶮󹶯󹶰󹶱󹶲󹶳󹶴󹶵󹶶󹶷󹶸󹶹󹶺󹶻󹶼󹶽󹶾󹶿󹷀",
				"󹷁󹷂󹷃󹷄󹷅󹷆󹷇󹷈󹷉󹷊󹷋󹷌󹷍󹷎󹷏󹷐󹷑󹷒󹷓󹷔󹷕󹷖󹷗󹷘󹷙󹷚󹷛󹷜󹷝󹷞󹷟󹷠",
				"󹷡󹷢󹷣󹷤󹷥󹷦󹷧󹷨󹷩󹷪󹷫󹷬󹷭󹷮󹷯󹷰󹷱󹷲󹷳󹷴󹷵󹷶󹷷󹷸󹷹󹷺󹷻󹷼󹷽󹷾󹷿󹸀",
				"󹸁󹸂󹸃󹸄󹸅󹸆󹸇󹸈󹸉󹸊󹸋󹸌󹸍󹸎󹸏󹸐󹸑󹸒󹸓󹸔󹸕󹸖󹸗󹸘󹸙󹸚󹸛󹸜󹸝󹸞󹸟󹸠",
				"󹸡󹸢󹸣󹸤󹸥󹸦󹸧󹸨󹸩󹸪󹸫󹸬󹸭󹸮󹸯󹸰󹸱󹸲󹸳󹸴󹸵󹸶󹸷󹸸󹸹󹸺󹸻󹸼󹸽󹸾󹸿󹹀",
				"󹹁󹹂󹹃󹹄󹹅󹹆󹹇󹹈󹹉󹹊󹹋󹹌󹹍󹹎󹹏󹹐󹹑󹹒󹹓󹹔󹹕󹹖󹹗󹹘󹹙󹹚󹹛󹹜󹹝󹹞󹹟󹹠",
				"󹹡󹹢󹹣󹹤󹹥󹹦󹹧󹹨󹹩󹹪󹹫󹹬󹹭󹹮󹹯󹹰󹹱󹹲󹹳󹹴󹹵󹹶󹹷󹹸󹹹󹹺󹹻󹹼󹹽󹹾󹹿󹺀",
				"󹺁󹺂󹺃󹺄󹺅󹺆󹺇󹺈󹺉󹺊󹺋󹺌󹺍󹺎󹺏󹺐󹺑󹺒󹺓󹺔󹺕󹺖󹺗󹺘󹺙󹺚󹺛󹺜󹺝󹺞󹺟󹺠",
				"󹺡󹺢󹺣󹺤󹺥󹺦󹺧󹺨󹺩󹺪󹺫󹺬󹺭󹺮󹺯󹺰󹺱󹺲󹺳󹺴󹺵󹺶󹺷󹺸󹺹󹺺󹺻󹺼󹺽󹺾󹺿󹻀",
				"󹻁󹻂󹻃󹻄󹻅󹻆󹻇󹻈󹻉󹻊󹻋󹻌󹻍󹻎󹻏󹻐󹻑󹻒󹻓󹻔󹻕󹻖󹻗󹻘󹻙󹻚󹻛󹻜󹻝󹻞󹻟󹻠",
				"󹻡󹻢󹻣󹻤󹻥󹻦󹻧󹻨󹻩󹻪󹻫󹻬󹻭󹻮󹻯󹻰󹻱󹻲󹻳󹻴󹻵󹻶󹻷󹻸󹻹󹻺󹻻󹻼󹻽󹻾󹻿󹼀",
				"󹼁󹼂󹼃󹼄󹼅󹼆󹼇󹼈󹼉󹼊󹼋󹼌󹼍󹼎󹼏󹼐󹼑󹼒󹼓󹼔󹼕󹼖󹼗󹼘󹼙󹼚󹼛󹼜󹼝󹼞󹼟󹼠",
				"󹼡󹼢󹼣󹼤󹼥󹼦󹼧󹼨󹼩󹼪󹼫󹼬󹼭󹼮󹼯󹼰󹼱󹼲󹼳󹼴󹼵󹼶󹼷󹼸󹼹󹼺󹼻󹼼󹼽󹼾󹼿󹽀",
				"󹽁󹽂󹽃󹽄󹽅󹽆󹽇󹽈󹽉󹽊󹽋󹽌󹽍󹽎󹽏󹽐󹽑󹽒󹽓󹽔󹽕󹽖󹽗󹽘󹽙󹽚󹽛󹽜󹽝󹽞󹽟󹽠",
				"󹽡󹽢󹽣󹽤󹽥󹽦󹽧󹽨󹽩󹽪󹽫󹽬󹽭󹽮󹽯󹽰󹽱󹽲󹽳󹽴󹽵󹽶󹽷󹽸󹽹󹽺󹽻󹽼󹽽󹽾󹽿󹾀",
				"󹾁󹾂󹾃󹾄󹾅󹾆󹾇󹾈󹾉󹾊󹾋󹾌󹾍󹾎󹾏󹾐󹾑󹾒󹾓󹾔󹾕󹾖󹾗󹾘󹾙󹾚󹾛󹾜󹾝󹾞󹾟󹾠",
				"󹾡󹾢󹾣󹾤󹾥󹾦󹾧󹾨󹾩󹾪󹾫󹾬󹾭󹾮󹾯󹾰󹾱󹾲󹾳󹾴󹾵󹾶󹾷󹾸󹾹󹾺󹾻󹾼󹾽󹾾󹾿󹿀",
				"󹿁󹿂󹿃󹿄󹿅󹿆󹿇󹿈󹿉󹿊󹿋󹿌󹿍󹿎󹿏󹿐󹿑󹿒󹿓󹿔󹿕󹿖󹿗󹿘󹿙󹿚󹿛󹿜󹿝󹿞󹿟󹿠",
				"󹿡󹿢󹿣󹿤󹿥󹿦󹿧󹿨󹿩󹿪󹿫󹿬󹿭󹿮󹿯󹿰󹿱󹿲󹿳󹿴󹿵󹿶󹿷󹿸󹿹󹿺󹿻󹿼󹿽󹿾󹿿󺀀",
				"󺀁󺀂󺀃󺀄󺀅󺀆󺀇󺀈󺀉󺀊󺀋󺀌󺀍󺀎󺀏󺀐󺀑󺀒󺀓󺀔󺀕󺀖󺀗󺀘󺀙󺀚󺀛󺀜󺀝󺀞󺀟󺀠",
				"󺀡󺀢󺀣󺀤󺀥󺀦󺀧󺀨󺀩󺀪󺀫󺀬󺀭󺀮󺀯󺀰󺀱󺀲󺀳󺀴󺀵󺀶󺀷󺀸󺀹󺀺󺀻󺀼󺀽󺀾󺀿󺁀",
				"󺁁󺁂󺁃󺁄󺁅󺁆󺁇󺁈󺁉󺁊󺁋󺁌󺁍󺁎\u0000\u0000\u0000\u0000\u0000\u0000\u0000\u0000\u0000\u0000\u0000\u0000\u0000\u0000\u0000\u0000\u0000\u0000"
			]
		},
		{
			"type": "bitmap",
			"file": "itemsymbol:items.png",
			"ascent": 8,
			"height": 8,
			"chars": [
				"󰀁󰀂󰀃󰀄󰀅󰀆󰀇󰀈󰀉󰀊󰀋󰀌󰀍󰀎󰀏󰀐󰀑󰀒󰀓󰀔󰀕󰀖󰀗󰀘󰀙󰀚󰀛󰀜󰀝󰀞󰀟󰀠",
				"󰀡󰀢󰀣󰀤󰀥󰀦󰀧󰀨󰀩󰀪󰀫󰀬󰀭󰀮󰀯󰀰󰀱󰀲󰀳󰀴󰀵󰀶󰀷󰀸󰀹󰀺󰀻󰀼󰀽󰀾󰀿󰁀",
				"󰁁󰁂󰁃󰁄󰁅󰁆󰁇󰁈󰁉󰁊󰁋󰁌󰁍󰁎󰁏󰁐󰁑󰁒󰁓󰁔󰁕󰁖󰁗󰁘󰁙󰁚󰁛󰁜󰁝󰁞󰁟󰁠",
				"󰁡󰁢󰁣󰁤󰁥󰁦󰁧󰁨󰁩󰁪󰁫󰁬󰁭󰁮󰁯󰁰󰁱󰁲󰁳󰁴󰁵󰁶󰁷󰁸󰁹󰁺󰁻󰁼󰁽󰁾󰁿󰂀",
				"󰂁󰂂󰂃󰂄󰂅󰂆󰂇󰂈󰂉󰂊󰂋󰂌󰂍󰂎󰂏󰂐󰂑󰂒󰂓󰂔󰂕󰂖󰂗󰂘󰂙󰂚󰂛󰂜󰂝󰂞󰂟󰂠",
				"󰂡󰂢󰂣󰂤󰂥󰂦󰂧󰂨󰂩󰂪󰂫󰂬󰂭󰂮󰂯󰂰󰂱󰂲󰂳󰂴󰂵󰂶󰂷󰂸󰂹󰂺󰂻󰂼󰂽󰂾󰂿󰃀",
				"󰃁󰃂󰃃󰃄󰃅󰃆󰃇󰃈󰃉󰃊󰃋󰃌󰃍󰃎󰃏󰃐󰃑󰃒󰃓󰃔󰃕󰃖󰃗󰃘󰃙󰃚󰃛󰃜󰃝󰃞󰃟󰃠",
				"󰃡󰃢󰃣󰃤󰃥󰃦󰃧󰃨󰃩󰃪󰃫󰃬󰃭󰃮󰃯󰃰󰃱󰃲󰃳󰃴󰃵󰃶󰃷󰃸󰃹󰃺󰃻󰃼󰃽󰃾󰃿󰄀",
				"󰄁󰄂󰄃󰄄󰄅󰄆󰄇󰄈󰄉󰄊󰄋󰄌󰄍󰄎󰄏󰄐󰄑󰄒󰄓󰄔󰄕󰄖󰄗󰄘󰄙󰄚󰄛󰄜󰄝󰄞󰄟󰄠",
				"󰄡󰄢󰄣󰄤󰄥󰄦󰄧󰄨󰄩󰄪󰄫󰄬󰄭󰄮󰄯󰄰󰄱󰄲󰄳󰄴󰄵󰄶󰄷󰄸󰄹󰄺󰄻󰄼󰄽󰄾󰄿󰅀",
				"󰅁󰅂󰅃󰅄󰅅󰅆󰅇󰅈󰅉󰅊󰅋󰅌󰅍󰅎󰅏󰅐󰅑󰅒󰅓󰅔󰅕󰅖󰅗󰅘󰅙󰅚󰅛󰅜󰅝󰅞󰅟󰅠",
				"󰅡󰅢󰅣󰅤󰅥󰅦󰅧󰅨󰅩󰅪󰅫󰅬󰅭󰅮󰅯󰅰󰅱󰅲󰅳󰅴󰅵󰅶󰅷󰅸󰅹󰅺󰅻󰅼󰅽󰅾󰅿󰆀",
				"󰆁󰆂󰆃󰆄󰆅󰆆󰆇󰆈󰆉󰆊󰆋󰆌󰆍󰆎󰆏󰆐󰆑󰆒󰆓󰆔󰆕󰆖󰆗󰆘󰆙󰆚󰆛󰆜󰆝󰆞󰆟󰆠",
				"󰆡󰆢󰆣󰆤󰆥󰆦󰆧󰆨󰆩󰆪󰆫󰆬󰆭󰆮󰆯󰆰󰆱󰆲󰆳󰆴󰆵󰆶󰆷󰆸󰆹󰆺󰆻󰆼󰆽󰆾󰆿󰇀",
				"󰇁󰇂󰇃󰇄󰇅󰇆󰇇󰇈󰇉󰇊󰇋󰇌󰇍󰇎󰇏󰇐󰇑󰇒󰇓󰇔󰇕󰇖󰇗󰇘󰇙󰇚󰇛󰇜󰇝󰇞󰇟󰇠",
				"󰇡󰇢󰇣󰇤󰇥󰇦󰇧󰇨󰇩󰇪󰇫󰇬󰇭󰇮󰇯󰇰󰇱󰇲󰇳󰇴󰇵󰇶󰇷󰇸󰇹󰇺󰇻󰇼󰇽󰇾󰇿󰈀",
				"󰈁󰈂󰈃󰈄󰈅󰈆󰈇󰈈󰈉󰈊󰈋󰈌󰈍󰈎󰈏󰈐󰈑󰈒󰈓󰈔󰈕󰈖󰈗󰈘󰈙󰈚󰈛󰈜󰈝󰈞󰈟󰈠",
				"󰈡󰈢󰈣󰈤󰈥󰈦󰈧󰈨󰈩󰈪󰈫󰈬󰈭󰈮󰈯󰈰󰈱󰈲󰈳󰈴󰈵󰈶󰈷󰈸󰈹󰈺󰈻󰈼󰈽󰈾󰈿󰉀",
				"󰉁󰉂󰉃󰉄󰉅󰉆󰉇󰉈󰉉󰉊󰉋󰉌󰉍󰉎󰉏󰉐󰉑󰉒󰉓󰉔󰉕󰉖󰉗󰉘󰉙󰉚󰉛󰉜󰉝󰉞󰉟󰉠",
				"󰉡󰉢󰉣󰉤󰉥󰉦󰉧󰉨󰉩󰉪󰉫󰉬󰉭󰉮󰉯󰉰󰉱󰉲󰉳󰉴󰉵󰉶󰉷󰉸󰉹󰉺󰉻󰉼󰉽󰉾󰉿󰊀",
				"󰊁󰊂󰊃󰊄󰊅󰊆󰊇󰊈󰊉󰊊󰊋󰊌󰊍󰊎󰊏󰊐󰊑󰊒󰊓󰊔󰊕󰊖󰊗󰊘\u0000\u0000\u0000\u0000\u0000\u0000\u0000\u0000",
				"\u0000\u0000\u0000\u0000\u0000\u0000\u0000\u0000\u0000\u0000\u0000\u0000\u0000\u0000\u0000\u0000\u0000\u0000\u0000\u0000\u0000\u0000\u0000\u0000\u0000\u0000\u0000\u0000\u0000\u0000\u0000\u0000",
				"\u0000\u0000\u0000\u0000\u0000\u0000\u0000\u0000\u0000\u0000\u0000\u0000\u0000\u0000\u0000\u0000\u0000\u0000\u0000\u0000\u0000\u0000\u0000\u0000\u0000\u0000\u0000\u0000\u0000\u0000\u0000\u0000",
				"\u0000\u0000\u0000\u0000\u0000\u0000\u0000\u0000\u0000\u0000\u0000\u0000\u0000\u0000\u0000\u0000\u0000\u0000\u0000\u0000\u0000\u0000\u0000\u0000\u0000\u0000\u0000\u0000\u0000\u0000\u0000\u0000",
				"\u0000\u0000\u0000\u0000\u0000\u0000\u0000\u0000\u0000\u0000\u0000\u0000\u0000\u0000\u0000\u0000\u0000\u0000\u0000\u0000\u0000\u0000\u0000\u0000\u0000\u0000\u0000\u0000\u0000\u0000\u0000\u0000",
				"\u0000\u0000\u0000\u0000\u0000\u0000\u0000\u0000\u0000\u0000\u0000\u0000\u0000\u0000\u0000\u0000\u0000\u0000\u0000\u0000\u0000\u0000\u0000\u0000\u0000\u0000\u0000\u0000\u0000\u0000\u0000\u0000",
				"\u0000\u0000\u0000\u0000\u0000\u0000\u0000\u0000\u0000\u0000\u0000\u0000\u0000\u0000\u0000\u0000\u0000\u0000\u0000\u0000\u0000\u0000\u0000\u0000\u0000\u0000\u0000\u0000\u0000\u0000\u0000\u0000",
				"\u0000\u0000\u0000\u0000\u0000\u0000\u0000\u0000\u0000\u0000\u0000\u0000\u0000\u0000\u0000\u0000\u0000\u0000\u0000\u0000\u0000\u0000\u0000\u0000\u0000\u0000\u0000\u0000\u0000\u0000\u0000\u0000",
				"\u0000\u0000\u0000\u0000\u0000\u0000\u0000\u0000\u0000\u0000\u0000\u0000\u0000\u0000\u0000\u0000\u0000\u0000\u0000\u0000\u0000\u0000\u0000\u0000\u0000\u0000\u0000\u0000\u0000\u0000\u0000\u0000",
				"\u0000\u0000\u0000\u0000\u0000\u0000\u0000\u0000\u0000\u0000\u0000\u0000\u0000\u0000\u0000\u0000\u0000\u0000\u0000\u0000\u0000\u0000\u0000\u0000\u0000\u0000\u0000\u0000\u0000\u0000\u0000\u0000",
				"\u0000\u0000\u0000\u0000\u0000\u0000\u0000\u0000\u0000\u0000\u0000\u0000\u0000\u0000\u0000\u0000\u0000\u0000\u0000\u0000\u0000\u0000\u0000\u0000\u0000\u0000\u0000\u0000\u0000\u0000\u0000\u0000",
				"\u0000\u0000\u0000\u0000\u0000\u0000\u0000\u0000\u0000\u0000\u0000\u0000\u0000\u0000\u0000\u0000\u0000\u0000\u0000\u0000\u0000\u0000\u0000\u0000\u0000\u0000\u0000\u0000\u0000\u0000\u0000\u0000"
			]
		},
		{
			"type": "bitmap",
			"file": "itemsymbol:items.png",
			"ascent": 16,
			"height": 24,
			"chars": [
				"󷔱󷔲󷔳󷔴󷔵󷔶󷔷󷔸󷔹󷔺󷔻󷔼󷔽󷔾󷔿󷕀󷕁󷕂󷕃󷕄󷕅󷕆󷕇󷕈󷕉󷕊󷕋󷕌󷕍󷕎󷕏󷕐",
				"󷕑󷕒󷕓󷕔󷕕󷕖󷕗󷕘󷕙󷕚󷕛󷕜󷕝󷕞󷕟󷕠󷕡󷕢󷕣󷕤󷕥󷕦󷕧󷕨󷕩󷕪󷕫󷕬󷕭󷕮󷕯󷕰",
				"󷕱󷕲󷕳󷕴󷕵󷕶󷕷󷕸󷕹󷕺󷕻󷕼󷕽󷕾󷕿󷖀󷖁󷖂󷖃󷖄󷖅󷖆󷖇󷖈󷖉󷖊󷖋󷖌󷖍󷖎󷖏󷖐",
				"󷖑󷖒󷖓󷖔󷖕󷖖󷖗󷖘󷖙󷖚󷖛󷖜󷖝󷖞󷖟󷖠󷖡󷖢󷖣󷖤󷖥󷖦󷖧󷖨󷖩󷖪󷖫󷖬󷖭󷖮󷖯󷖰",
				"󷖱󷖲󷖳󷖴󷖵󷖶󷖷󷖸󷖹󷖺󷖻󷖼󷖽󷖾󷖿󷗀󷗁󷗂󷗃󷗄󷗅󷗆󷗇󷗈󷗉󷗊󷗋󷗌󷗍󷗎󷗏󷗐",
				"󷗑󷗒󷗓󷗔󷗕󷗖󷗗󷗘󷗙󷗚󷗛󷗜󷗝󷗞󷗟󷗠󷗡󷗢󷗣󷗤󷗥󷗦󷗧󷗨󷗩󷗪󷗫󷗬󷗭󷗮󷗯󷗰",
				"󷗱󷗲󷗳󷗴󷗵󷗶󷗷󷗸󷗹󷗺󷗻󷗼󷗽󷗾󷗿󷘀󷘁󷘂󷘃󷘄󷘅󷘆󷘇󷘈󷘉󷘊󷘋󷘌󷘍󷘎󷘏󷘐",
				"󷘑󷘒󷘓󷘔󷘕󷘖󷘗󷘘󷘙󷘚󷘛󷘜󷘝󷘞󷘟󷘠󷘡󷘢󷘣󷘤󷘥󷘦󷘧󷘨󷘩󷘪󷘫󷘬󷘭󷘮󷘯󷘰",
				"󷘱󷘲󷘳󷘴󷘵󷘶󷘷󷘸󷘹󷘺󷘻󷘼󷘽󷘾󷘿󷙀󷙁󷙂󷙃󷙄󷙅󷙆󷙇󷙈󷙉󷙊󷙋󷙌󷙍󷙎󷙏󷙐",
				"󷙑󷙒󷙓󷙔󷙕󷙖󷙗󷙘󷙙󷙚󷙛󷙜󷙝󷙞󷙟󷙠󷙡󷙢󷙣󷙤󷙥󷙦󷙧󷙨󷙩󷙪󷙫󷙬󷙭󷙮󷙯󷙰",
				"󷙱󷙲󷙳󷙴󷙵󷙶󷙷󷙸󷙹󷙺󷙻󷙼󷙽󷙾󷙿󷚀󷚁󷚂󷚃󷚄󷚅󷚆󷚇󷚈󷚉󷚊󷚋󷚌󷚍󷚎󷚏󷚐",
				"󷚑󷚒󷚓󷚔󷚕󷚖󷚗󷚘󷚙󷚚󷚛󷚜󷚝󷚞󷚟󷚠󷚡󷚢󷚣󷚤󷚥󷚦󷚧󷚨󷚩󷚪󷚫󷚬󷚭󷚮󷚯󷚰",
				"󷚱󷚲󷚳󷚴󷚵󷚶󷚷󷚸󷚹󷚺󷚻󷚼󷚽󷚾󷚿󷛀󷛁󷛂󷛃󷛄󷛅󷛆󷛇󷛈󷛉󷛊󷛋󷛌󷛍󷛎󷛏󷛐",
				"󷛑󷛒󷛓󷛔󷛕󷛖󷛗󷛘󷛙󷛚󷛛󷛜󷛝󷛞󷛟󷛠󷛡󷛢󷛣󷛤󷛥󷛦󷛧󷛨󷛩󷛪󷛫󷛬󷛭󷛮󷛯󷛰",
				"󷛱󷛲󷛳󷛴󷛵󷛶󷛷󷛸󷛹󷛺󷛻󷛼󷛽󷛾󷛿󷜀󷜁󷜂󷜃󷜄󷜅󷜆󷜇󷜈󷜉󷜊󷜋󷜌󷜍󷜎󷜏󷜐",
				"󷜑󷜒󷜓󷜔󷜕󷜖󷜗󷜘󷜙󷜚󷜛󷜜󷜝󷜞󷜟󷜠󷜡󷜢󷜣󷜤󷜥󷜦󷜧󷜨󷜩󷜪󷜫󷜬󷜭󷜮󷜯󷜰",
				"󷜱󷜲󷜳󷜴󷜵󷜶󷜷󷜸󷜹󷜺󷜻󷜼󷜽󷜾󷜿󷝀󷝁󷝂󷝃󷝄󷝅󷝆󷝇󷝈󷝉󷝊󷝋󷝌󷝍󷝎󷝏󷝐",
				"󷝑󷝒󷝓󷝔󷝕󷝖󷝗󷝘󷝙󷝚󷝛󷝜󷝝󷝞󷝟󷝠󷝡󷝢󷝣󷝤󷝥󷝦󷝧󷝨󷝩󷝪󷝫󷝬󷝭󷝮󷝯󷝰",
				"󷝱󷝲󷝳󷝴󷝵󷝶󷝷󷝸󷝹󷝺󷝻󷝼󷝽󷝾󷝿󷞀󷞁󷞂󷞃󷞄󷞅󷞆󷞇󷞈󷞉󷞊󷞋󷞌󷞍󷞎󷞏󷞐",
				"󷞑󷞒󷞓󷞔󷞕󷞖󷞗󷞘󷞙󷞚󷞛󷞜󷞝󷞞󷞟󷞠󷞡󷞢󷞣󷞤󷞥󷞦󷞧󷞨󷞩󷞪󷞫󷞬󷞭󷞮󷞯󷞰",
				"󷞱󷞲󷞳󷞴󷞵󷞶󷞷󷞸󷞹󷞺󷞻󷞼󷞽󷞾󷞿󷟀󷟁󷟂󷟃󷟄󷟅󷟆󷟇󷟈\u0000\u0000\u0000\u0000\u0000\u0000\u0000\u0000",
				"\u0000\u0000\u0000\u0000\u0000\u0000\u0000\u0000\u0000\u0000\u0000\u0000\u0000\u0000\u0000\u0000\u0000\u0000\u0000\u0000\u0000\u0000\u0000\u0000\u0000\u0000\u0000\u0000\u0000\u0000\u0000\u0000",
				"\u0000\u0000\u0000\u0000\u0000\u0000\u0000\u0000\u0000\u0000\u0000\u0000\u0000\u0000\u0000\u0000\u0000\u0000\u0000\u0000\u0000\u0000\u0000\u0000\u0000\u0000\u0000\u0000\u0000\u0000\u0000\u0000",
				"\u0000\u0000\u0000\u0000\u0000\u0000\u0000\u0000\u0000\u0000\u0000\u0000\u0000\u0000\u0000\u0000\u0000\u0000\u0000\u0000\u0000\u0000\u0000\u0000\u0000\u0000\u0000\u0000\u0000\u0000\u0000\u0000",
				"\u0000\u0000\u0000\u0000\u0000\u0000\u0000\u0000\u0000\u0000\u0000\u0000\u0000\u0000\u0000\u0000\u0000\u0000\u0000\u0000\u0000\u0000\u0000\u0000\u0000\u0000\u0000\u0000\u0000\u0000\u0000\u0000",
				"\u0000\u0000\u0000\u0000\u0000\u0000\u0000\u0000\u0000\u0000\u0000\u0000\u0000\u0000\u0000\u0000\u0000\u0000\u0000\u0000\u0000\u0000\u0000\u0000\u0000\u0000\u0000\u0000\u0000\u0000\u0000\u0000",
				"\u0000\u0000\u0000\u0000\u0000\u0000\u0000\u0000\u0000\u0000\u0000\u0000\u0000\u0000\u0000\u0000\u0000\u0000\u0000\u0000\u0000\u0000\u0000\u0000\u0000\u0000\u0000\u0000\u0000\u0000\u0000\u0000",
				"\u0000\u0000\u0000\u0000\u0000\u0000\u0000\u0000\u0000\u0000\u0000\u0000\u0000\u0000\u0000\u0000\u0000\u0000\u0000\u0000\u0000\u0000\u0000\u0000\u0000\u0000\u0000\u0000\u0000\u0000\u0000\u0000",
				"\u0000\u0000\u0000\u0000\u0000\u0000\u0000\u0000\u0000\u0000\u0000\u0000\u0000\u0000\u0000\u0000\u0000\u0000\u0000\u0000\u0000\u0000\u0000\u0000\u0000\u0000\u0000\u0000\u0000\u0000\u0000\u0000",
				"\u0000\u0000\u0000\u0000\u0000\u0000\u0000\u0000\u0000\u0000\u0000\u0000\u0000\u0000\u0000\u0000\u0000\u0000\u0000\u0000\u0000\u0000\u0000\u0000\u0000\u0000\u0000\u0000\u0000\u0000\u0000\u0000",
				"\u0000\u0000\u0000\u0000\u0000\u0000\u0000\u0000\u0000\u0000\u0000\u0000\u0000\u0000\u0000\u0000\u0000\u0000\u0000\u0000\u0000\u0000\u0000\u0000\u0000\u0000\u0000\u0000\u0000\u0000\u0000\u0000",
				"\u0000\u0000\u0000\u0000\u0000\u0000\u0000\u0000\u0000\u0000\u0000\u0000\u0000\u0000\u0000\u0000\u0000\u0000\u0000\u0000\u0000\u0000\u0000\u0000\u0000\u0000\u0000\u0000\u0000\u0000\u0000\u0000"
			]
		},
		{
			"type": "bitmap",
			"file": "itemsymbol:effects.png",
			"ascent": 8,
			"height": 8,
			"chars": [
				"󴸡󴸢󴸣󴸤󴸥󴸦󴸧󴸨",
				"󴸩󴸪󴸫󴸬󴸭󴸮󴸯󴸰",
				"󴸱󴸲󴸳󴸴󴸵󴸶󴸷󴸸",
				"󴸹󴸺󴸻󴸼󴸽󴸾󴸿󴹀",
				"󴹁󴹂󴹃󴹄󴹅󴹆󴹇\u0000",
				"\u0000\u0000\u0000\u0000\u0000\u0000\u0000\u0000",
				"\u0000\u0000\u0000\u0000\u0000\u0000\u0000\u0000",
				"\u0000\u0000\u0000\u0000\u0000\u0000\u0000\u0000"
			]
		},
		{
			"type": "bitmap",
			"file": "itemsymbol:effects.png",
			"ascent": 16,
			"height": 24,
			"chars": [
				"󼍑󼍒󼍓󼍔󼍕󼍖󼍗󼍘",
				"󼍙󼍚󼍛󼍜󼍝󼍞󼍟󼍠",
				"󼍡󼍢󼍣󼍤󼍥󼍦󼍧󼍨",
				"󼍩󼍪󼍫󼍬󼍭󼍮󼍯󼍰",
				"󼍱󼍲󼍳󼍴󼍵󼍶󼍷\u0000",
				"\u0000\u0000\u0000\u0000\u0000\u0000\u0000\u0000",
				"\u0000\u0000\u0000\u0000\u0000\u0000\u0000\u0000",
				"\u0000\u0000\u0000\u0000\u0000\u0000\u0000\u0000"
			]
		},

{"ascent":8,"chars":["󵈉"],"file":"itemsymbol:painting/alban.png","height":8,"type":"bitmap"},{"ascent":16,"chars":["󼜹"],"file":"itemsymbol:painting/alban.png","height":24,"type":"bitmap"},
{"ascent":8,"chars":["󵈊"],"file":"itemsymbol:painting/aztec.png","height":8,"type":"bitmap"},{"ascent":16,"chars":["󼜺"],"file":"itemsymbol:painting/aztec.png","height":24,"type":"bitmap"},
{"ascent":8,"chars":["󵈋"],"file":"itemsymbol:painting/aztec2.png","height":8,"type":"bitmap"},{"ascent":16,"chars":["󼜻"],"file":"itemsymbol:painting/aztec2.png","height":24,"type":"bitmap"},
{"ascent":8,"chars":["󵈌"],"file":"itemsymbol:painting/back.png","height":8,"type":"bitmap"},{"ascent":16,"chars":["󼜼"],"file":"itemsymbol:painting/back.png","height":24,"type":"bitmap"},
{"ascent":8,"chars":["󵈍"],"file":"itemsymbol:painting/bomb.png","height":8,"type":"bitmap"},{"ascent":16,"chars":["󼜽"],"file":"itemsymbol:painting/bomb.png","height":24,"type":"bitmap"},
{"ascent":8,"chars":["󵈎"],"file":"itemsymbol:painting/burning_skull.png","height":8,"type":"bitmap"},{"ascent":16,"chars":["󼜾"],"file":"itemsymbol:painting/burning_skull.png","height":24,"type":"bitmap"},
{"ascent":8,"chars":["󵈏"],"file":"itemsymbol:painting/bust.png","height":8,"type":"bitmap"},{"ascent":16,"chars":["󼜿"],"file":"itemsymbol:painting/bust.png","height":24,"type":"bitmap"},
{"ascent":8,"chars":["󵈐"],"file":"itemsymbol:painting/courbet.png","height":8,"type":"bitmap"},{"ascent":16,"chars":["󼝀"],"file":"itemsymbol:painting/courbet.png","height":24,"type":"bitmap"},
{"ascent":8,"chars":["󵈑"],"file":"itemsymbol:painting/creebet.png","height":8,"type":"bitmap"},{"ascent":16,"chars":["󼝁"],"file":"itemsymbol:painting/creebet.png","height":24,"type":"bitmap"},
{"ascent":8,"chars":["󵈒"],"file":"itemsymbol:painting/donkey_kong.png","height":8,"type":"bitmap"},{"ascent":16,"chars":["󼝂"],"file":"itemsymbol:painting/donkey_kong.png","height":24,"type":"bitmap"},
{"ascent":8,"chars":["󵈓"],"file":"itemsymbol:painting/earth.png","height":8,"type":"bitmap"},{"ascent":16,"chars":["󼝃"],"file":"itemsymbol:painting/earth.png","height":24,"type":"bitmap"},
{"ascent":8,"chars":["󵈔"],"file":"itemsymbol:painting/fighters.png","height":8,"type":"bitmap"},{"ascent":16,"chars":["󼝄"],"file":"itemsymbol:painting/fighters.png","height":24,"type":"bitmap"},
{"ascent":8,"chars":["󵈕"],"file":"itemsymbol:painting/fire.png","height":8,"type":"bitmap"},{"ascent":16,"chars":["󼝅"],"file":"itemsymbol:painting/fire.png","height":24,"type":"bitmap"},
{"ascent":8,"chars":["󵈖"],"file":"itemsymbol:painting/graham.png","height":8,"type":"bitmap"},{"ascent":16,"chars":["󼝆"],"file":"itemsymbol:painting/graham.png","height":24,"type":"bitmap"},
{"ascent":8,"chars":["󵈗"],"file":"itemsymbol:painting/kebab.png","height":8,"type":"bitmap"},{"ascent":16,"chars":["󼝇"],"file":"itemsymbol:painting/kebab.png","height":24,"type":"bitmap"},
{"ascent":8,"chars":["󵈘"],"file":"itemsymbol:painting/match.png","height":8,"type":"bitmap"},{"ascent":16,"chars":["󼝈"],"file":"itemsymbol:painting/match.png","height":24,"type":"bitmap"},
{"ascent":8,"chars":["󵈙"],"file":"itemsymbol:painting/pigscene.png","height":8,"type":"bitmap"},{"ascent":16,"chars":["󼝉"],"file":"itemsymbol:painting/pigscene.png","height":24,"type":"bitmap"},
{"ascent":8,"chars":["󵈚"],"file":"itemsymbol:painting/plant.png","height":8,"type":"bitmap"},{"ascent":16,"chars":["󼝊"],"file":"itemsymbol:painting/plant.png","height":24,"type":"bitmap"},
{"ascent":8,"chars":["󵈛"],"file":"itemsymbol:painting/pointer.png","height":8,"type":"bitmap"},{"ascent":16,"chars":["󼝋"],"file":"itemsymbol:painting/pointer.png","height":24,"type":"bitmap"},
{"ascent":8,"chars":["󵈜"],"file":"itemsymbol:painting/pool.png","height":8,"type":"bitmap"},{"ascent":16,"chars":["󼝌"],"file":"itemsymbol:painting/pool.png","height":24,"type":"bitmap"},
{"ascent":8,"chars":["󵈝"],"file":"itemsymbol:painting/sea.png","height":8,"type":"bitmap"},{"ascent":16,"chars":["󼝍"],"file":"itemsymbol:painting/sea.png","height":24,"type":"bitmap"},
{"ascent":8,"chars":["󵈞"],"file":"itemsymbol:painting/skeleton.png","height":8,"type":"bitmap"},{"ascent":16,"chars":["󼝎"],"file":"itemsymbol:painting/skeleton.png","height":24,"type":"bitmap"},
{"ascent":8,"chars":["󵈟"],"file":"itemsymbol:painting/skull_and_roses.png","height":8,"type":"bitmap"},{"ascent":16,"chars":["󼝏"],"file":"itemsymbol:painting/skull_and_roses.png","height":24,"type":"bitmap"},
{"ascent":8,"chars":["󵈠"],"file":"itemsymbol:painting/stage.png","height":8,"type":"bitmap"},{"ascent":16,"chars":["󼝐"],"file":"itemsymbol:painting/stage.png","height":24,"type":"bitmap"},
{"ascent":8,"chars":["󵈡"],"file":"itemsymbol:painting/sunset.png","height":8,"type":"bitmap"},{"ascent":16,"chars":["󼝑"],"file":"itemsymbol:painting/sunset.png","height":24,"type":"bitmap"},
{"ascent":8,"chars":["󵈢"],"file":"itemsymbol:painting/void.png","height":8,"type":"bitmap"},{"ascent":16,"chars":["󼝒"],"file":"itemsymbol:painting/void.png","height":24,"type":"bitmap"},
{"ascent":8,"chars":["󵈣"],"file":"itemsymbol:painting/wanderer.png","height":8,"type":"bitmap"},{"ascent":16,"chars":["󼝓"],"file":"itemsymbol:painting/wanderer.png","height":24,"type":"bitmap"},
{"ascent":8,"chars":["󵈤"],"file":"itemsymbol:painting/wasteland.png","height":8,"type":"bitmap"},{"ascent":16,"chars":["󼝔"],"file":"itemsymbol:painting/wasteland.png","height":24,"type":"bitmap"},
{"ascent":8,"chars":["󵈥"],"file":"itemsymbol:painting/water.png","height":8,"type":"bitmap"},{"ascent":16,"chars":["󼝕"],"file":"itemsymbol:painting/water.png","height":24,"type":"bitmap"},
{"ascent":8,"chars":["󵈦"],"file":"itemsymbol:painting/wind.png","height":8,"type":"bitmap"},{"ascent":16,"chars":["󼝖"],"file":"itemsymbol:painting/wind.png","height":24,"type":"bitmap"},
{"ascent":8,"chars":["󵈧"],"file":"itemsymbol:painting/wither.png","height":8,"type":"bitmap"},{"ascent":16,"chars":["󼝗"],"file":"itemsymbol:painting/wither.png","height":24,"type":"bitmap"},
{"ascent":8,"chars":["󵈨"],"file":"itemsymbol:painting/backyard.png","height":8,"type":"bitmap"},{"ascent":16,"chars":["󼝘"],"file":"itemsymbol:painting/backyard.png","height":24,"type":"bitmap"},
{"ascent":8,"chars":["󵈩"],"file":"itemsymbol:painting/baroque.png","height":8,"type":"bitmap"},{"ascent":16,"chars":["󼝙"],"file":"itemsymbol:painting/baroque.png","height":24,"type":"bitmap"},
{"ascent":8,"chars":["󵈪"],"file":"itemsymbol:painting/bouquet.png","height":8,"type":"bitmap"},{"ascent":16,"chars":["󼝚"],"file":"itemsymbol:painting/bouquet.png","height":24,"type":"bitmap"},
{"ascent":8,"chars":["󵈫"],"file":"itemsymbol:painting/cavebird.png","height":8,"type":"bitmap"},{"ascent":16,"chars":["󼝛"],"file":"itemsymbol:painting/cavebird.png","height":24,"type":"bitmap"},
{"ascent":8,"chars":["󵈬"],"file":"itemsymbol:painting/changing.png","height":8,"type":"bitmap"},{"ascent":16,"chars":["󼝜"],"file":"itemsymbol:painting/changing.png","height":24,"type":"bitmap"},
{"ascent":8,"chars":["󵈭"],"file":"itemsymbol:painting/cotan.png","height":8,"type":"bitmap"},{"ascent":16,"chars":["󼝝"],"file":"itemsymbol:painting/cotan.png","height":24,"type":"bitmap"},
{"ascent":8,"chars":["󵈮"],"file":"itemsymbol:painting/endboss.png","height":8,"type":"bitmap"},{"ascent":16,"chars":["󼝞"],"file":"itemsymbol:painting/endboss.png","height":24,"type":"bitmap"},
{"ascent":8,"chars":["󵈯"],"file":"itemsymbol:painting/fern.png","height":8,"type":"bitmap"},{"ascent":16,"chars":["󼝟"],"file":"itemsymbol:painting/fern.png","height":24,"type":"bitmap"},
{"ascent":8,"chars":["󵈰"],"file":"itemsymbol:painting/finding.png","height":8,"type":"bitmap"},{"ascent":16,"chars":["󼝠"],"file":"itemsymbol:painting/finding.png","height":24,"type":"bitmap"},
{"ascent":8,"chars":["󵈱"],"file":"itemsymbol:painting/humble.png","height":8,"type":"bitmap"},{"ascent":16,"chars":["󼝡"],"file":"itemsymbol:painting/humble.png","height":24,"type":"bitmap"},
{"ascent":8,"chars":["󵈲"],"file":"itemsymbol:painting/lowmist.png","height":8,"type":"bitmap"},{"ascent":16,"chars":["󼝢"],"file":"itemsymbol:painting/lowmist.png","height":24,"type":"bitmap"},
{"ascent":8,"chars":["󵈳"],"file":"itemsymbol:painting/meditative.png","height":8,"type":"bitmap"},{"ascent":16,"chars":["󼝣"],"file":"itemsymbol:painting/meditative.png","height":24,"type":"bitmap"},
{"ascent":8,"chars":["󵈴"],"file":"itemsymbol:painting/orb.png","height":8,"type":"bitmap"},{"ascent":16,"chars":["󼝤"],"file":"itemsymbol:painting/orb.png","height":24,"type":"bitmap"},
{"ascent":8,"chars":["󵈵"],"file":"itemsymbol:painting/owlemons.png","height":8,"type":"bitmap"},{"ascent":16,"chars":["󼝥"],"file":"itemsymbol:painting/owlemons.png","height":24,"type":"bitmap"},
{"ascent":8,"chars":["󵈶"],"file":"itemsymbol:painting/passage.png","height":8,"type":"bitmap"},{"ascent":16,"chars":["󼝦"],"file":"itemsymbol:painting/passage.png","height":24,"type":"bitmap"},
{"ascent":8,"chars":["󵈷"],"file":"itemsymbol:painting/pond.png","height":8,"type":"bitmap"},{"ascent":16,"chars":["󼝧"],"file":"itemsymbol:painting/pond.png","height":24,"type":"bitmap"},
{"ascent":8,"chars":["󵈸"],"file":"itemsymbol:painting/prairie_ride.png","height":8,"type":"bitmap"},{"ascent":16,"chars":["󼝨"],"file":"itemsymbol:painting/prairie_ride.png","height":24,"type":"bitmap"},
{"ascent":8,"chars":["󵈹"],"file":"itemsymbol:painting/sunflowers.png","height":8,"type":"bitmap"},{"ascent":16,"chars":["󼝩"],"file":"itemsymbol:painting/sunflowers.png","height":24,"type":"bitmap"},
{"ascent":8,"chars":["󵈺"],"file":"itemsymbol:painting/tides.png","height":8,"type":"bitmap"},{"ascent":16,"chars":["󼝪"],"file":"itemsymbol:painting/tides.png","height":24,"type":"bitmap"},
{"ascent":8,"chars":["󵈻"],"file":"itemsymbol:painting/unpacked.png","height":8,"type":"bitmap"},{"ascent":16,"chars":["󼝫"],"file":"itemsymbol:painting/unpacked.png","height":24,"type":"bitmap"}

	]
}